name,#players,mean,low,high,size,
NewBiggestFirst,1,13.60600,13.43482,13.77718,2500
NewBiggestFirst,2,13.55360,13.46386,13.64334,10000
NewBiggestFirst,3,13.55373,13.47860,13.62887,15000
Replacement    ,1,13.73200,13.50733,13.95667,2500
Replacement    ,2,14.06060,13.88546,14.23574,10000
Replacement    ,3,14.52980,14.30500,14.75460,15000
Tunnels        ,1,14.02400,13.85453,14.19347,2500
Tunnels        ,2,14.10840,14.02202,14.19478,10000
Tunnels        ,3,14.13273,14.06186,14.20361,15000
